,epoch,mse_train,mse_test
0,0,0.060554140302402096,0.06110398507336545
1,1,0.0560908944032394,0.05686612107027766
2,2,0.05179549939241507,0.052751123666162754
3,3,0.047690993350502656,0.04877509402050072
4,4,0.043806889402094526,0.04495287118973297
5,5,0.04015173565844578,0.04130501616807925
6,6,0.03673839974587238,0.03785041396056817
7,7,0.03358926781540862,0.034606125046927984
8,8,0.030685146232504023,0.03160923444820424
9,9,0.02807401214116027,0.028856737926825794
10,10,0.02570031659159369,0.026393848476279527
11,11,0.023609750690456836,0.024204915562093112
12,12,0.021789655107418128,0.022279752413120982
13,13,0.020196196622829583,0.020625604495049552
14,14,0.018843369810806067,0.019211439901280408
15,15,0.017692573573144625,0.01801861864004266
16,16,0.016728934220706374,0.017022591218692484
17,17,0.015927240306213543,0.016193285472958792
18,18,0.015261290532530863,0.015510926907401815
19,19,0.014714354271571367,0.014948512578058158
20,20,0.014263826814729963,0.014488008956323031
21,21,0.013895360919137309,0.014107822782675758
22,22,0.013589975245155905,0.013795672090789352
23,23,0.01333900552229925,0.013538073525738454
24,24,0.013129417963649992,0.013326619727173925
25,25,0.01295620057899726,0.013151735879264315
26,26,0.012808536802229755,0.013007770228378963
27,27,0.012685644836019163,0.012886247049607119
28,28,0.012577755451368406,0.012786196847340267
29,29,0.012487739023973817,0.012700674017623028
30,30,0.012407599693089678,0.012628629592083634
31,31,0.012336857148303675,0.012566919204697775
32,32,0.01227296205841133,0.012515255362863773
33,33,0.012216330751633846,0.012470478184927858
34,34,0.012163732884582569,0.012431865517392839
35,35,0.01211582081153191,0.012398225864667128
36,36,0.012071522112090673,0.01236745921822688
37,37,0.012030025314096837,0.012341471620448257
38,38,0.011990314186684687,0.01231900837891535
39,39,0.011952994035674899,0.012297881326074655
40,40,0.011917418650953937,0.012280083113581754
41,41,0.011883050035070232,0.012262985139271963
42,42,0.01185049189748844,0.012248216128706017
43,43,0.011819055361421995,0.012235437433612302
44,44,0.011788506190423377,0.012221525114876283
45,45,0.011759125875793423,0.01220983236529678
46,46,0.01173035911757231,0.012199018908491904
47,47,0.01170268652290323,0.012189813393003405
48,48,0.011675907127265382,0.012179837441053856
49,49,0.011649809383815863,0.012170173250174467
50,50,0.011624497278041232,0.012163157887369118
51,51,0.011599876728973574,0.012156984578276641
52,52,0.011575913345416333,0.012150313897872984
53,53,0.011552499962789986,0.012142467643770243
54,54,0.01152970668366965,0.01213598402227198
55,55,0.011507665965646166,0.012129228808808746
56,56,0.011486138791934362,0.012124150146938508
57,57,0.01146503556041878,0.012118745574029649
58,58,0.011444644580574807,0.012112717275377265
59,59,0.01142466608477622,0.012106298684382167
60,60,0.011405319453536454,0.01210246186756753
61,61,0.01138625584656429,0.012097489604641428
62,62,0.011367617680465592,0.012091365083306976
63,63,0.011349668875417274,0.012086685532201049
64,64,0.011331822853738405,0.012081077561626916
65,65,0.011314858260429488,0.012076209226565104
66,66,0.01129795414986814,0.012070010303745264
67,67,0.011281497415061736,0.01206567695085071
68,68,0.011265412573440908,0.012059857938958468
69,69,0.011249595956070947,0.012056224929650607
70,70,0.011234172810257735,0.012050114533884018
71,71,0.011219105877192923,0.012044963656638517
72,72,0.011204422706161534,0.012038104194794255
73,73,0.011189842392736741,0.012032721086994998
74,74,0.01117583194399289,0.012025942458315909
75,75,0.011161841495781085,0.012020968638822179
76,76,0.011148290772553306,0.012015752577600434
77,77,0.01113482793220625,0.01200993451780135
78,78,0.0111218602548755,0.012001911435514611
79,79,0.011108941807029407,0.011995774421326343
80,80,0.011096246517086556,0.011988985294533688
81,81,0.011083879062119963,0.011982698236309009
82,82,0.011071757520464484,0.011976153636822555
83,83,0.01105976737033605,0.01196947199019359
84,84,0.011048007647995602,0.011962718804737335
85,85,0.01103648184633067,0.011954423135054612
86,86,0.011024943534169537,0.011946376511480804
87,87,0.011013812315578436,0.011940085360686655
88,88,0.011002802944593586,0.011932086318652136
89,89,0.01099197029376835,0.011923917919318452
90,90,0.010981224247172568,0.011914479922852923
91,91,0.010970781839003251,0.011907735234084348
92,92,0.01096040903293613,0.011899624048841354
93,93,0.010950304410294149,0.011890432618858832
94,94,0.010940067753021306,0.01188321979453109
95,95,0.010930201421343117,0.011875542247313894
96,96,0.010920510286554356,0.011866725891042767
97,97,0.010910691452957833,0.011855538061332375
98,98,0.010901282978717258,0.011845687885296073
99,99,0.010891825342450673,0.01183860482551923
100,100,0.010882759179009015,0.011831297175996723
101,101,0.01087357093502934,0.01182224119261192
102,102,0.010864534711051813,0.011811050543332539
103,103,0.010855697646651957,0.011800829616830554
104,104,0.010846861003233557,0.011791937267292508
105,105,0.010838226234876852,0.011782005453335454
106,106,0.010829706636276911,0.011771082160666718
107,107,0.010821218897442777,0.011761702552989802
108,108,0.010812966960105854,0.011752955865893778
109,109,0.010804736743944544,0.011742279940008545
110,110,0.010796552529341943,0.011732951864703989
111,111,0.010788662473490595,0.011724426034738129
112,112,0.01078083231022137,0.011713749822232234
113,113,0.010772930998546993,0.01170495005834782
114,114,0.010765287136145768,0.011693911907408726
115,115,0.010757610982690327,0.011682220955724201
116,116,0.010750007200727652,0.011672020611962338
117,117,0.010742695480786662,0.011664311959745306
118,118,0.010735335213381143,0.011653212475122403
119,119,0.010728032910125734,0.0116422829716
120,120,0.010720922047786515,0.01163196727617252
121,121,0.010713801405696062,0.011620670055458828
122,122,0.010707002582059299,0.011611318696589663
123,123,0.010700029752502544,0.011602515900005533
124,124,0.0106931637277901,0.011592005651657253
125,125,0.010686489185650256,0.011583012464059156
126,126,0.010679926793495387,0.01157094294860505
127,127,0.010673194358242873,0.011562613179025301
128,128,0.010666808170262011,0.011551944962593853
129,129,0.010660405139837787,0.011543147972486907
130,130,0.010654125332327749,0.011532145031922831
131,131,0.010647966867639483,0.01152174056813415
132,132,0.010641773531645955,0.011511892881028383
133,133,0.01063570702529375,0.011504003425743979
134,134,0.010629689605649148,0.011493206420220323
135,135,0.01062368255160304,0.011482813934246518
136,136,0.010617884705047792,0.011470430455866779
137,137,0.010612123746591115,0.011462479932660944
138,138,0.010606452826353707,0.011452798068291109
139,139,0.010600885207322408,0.011445341952605532
140,140,0.010595248389645668,0.011437956685610902
141,141,0.010589700315928284,0.011426237253422464
142,142,0.01058425365444837,0.011416533559303688
143,143,0.010578914814844168,0.01140544417765656
144,144,0.010573640641191102,0.011396363002288776
145,145,0.010568497977723171,0.01138946987745609
146,146,0.010563105515462422,0.011380151349485985
147,147,0.010558090718303464,0.011372506720322846
148,148,0.010553110940661513,0.011360430313262672
149,149,0.01054813559779074,0.011352415183560303
150,150,0.010543206099760876,0.011342945669395737
151,151,0.010538490415460278,0.011334934649376287
152,152,0.010533584622988817,0.011327299106580632
153,153,0.010528878557554758,0.011319649414577148
154,154,0.010524277257093406,0.011308709261415086
155,155,0.01051965146614734,0.01130174210538023
156,156,0.010515017675481318,0.011292829671772999
157,157,0.0105105576752243,0.011282981514964511
158,158,0.01050606966732419,0.011275052664509996
159,159,0.01050179105595644,0.011267663684275262
160,160,0.010497451772466113,0.011258716176270838
161,161,0.010493158198210858,0.01125082840359246
162,162,0.010488900771584451,0.01124370298237943
163,163,0.010484875464283127,0.011236920444865415
164,164,0.01048071392373031,0.011231066784984676
165,165,0.01047663650975073,0.011218693686705307
166,166,0.010472550200060465,0.01121258572113007
167,167,0.010468690977486815,0.0112065145161252
168,168,0.01046465337818835,0.011198578425271045
169,169,0.010460846530126584,0.011190243683526132
170,170,0.01045692708998347,0.011184750020609868
171,171,0.010453209763572049,0.011175437408985939
172,172,0.010449438721530138,0.011167917773754393
173,173,0.010445782411437014,0.01116236887210036
174,174,0.010442136520007589,0.011153709388629867
175,175,0.01043854034454929,0.01114659227052139
176,176,0.010434974954201402,0.01113995939104042
177,177,0.010431543021532227,0.011133747982135954
178,178,0.010428005406263603,0.011125101561129485
179,179,0.010424598407037852,0.011121934437432215
180,180,0.010421185272211973,0.01111389894727509
181,181,0.010417832782685571,0.011108290466966408
182,182,0.010414615247446515,0.01109995586514378
183,183,0.010411264721361061,0.011092650736853756
184,184,0.010408160704078552,0.01108776316629042
185,185,0.01040489274660672,0.01108064587844497
186,186,0.01040174275214949,0.011075280245757088
187,187,0.010398694700202684,0.011070318610980782
188,188,0.010395680548772294,0.011062999694370563
189,189,0.010392495699744365,0.011055279420484702
190,190,0.010389532764350912,0.011052045124169173
191,191,0.010386436282397772,0.011044239354052094
192,192,0.010383441351799829,0.011036419143869908
193,193,0.010380651528897767,0.011032191644986483
194,194,0.010377738016934306,0.01103002016352044
195,195,0.01037481494820729,0.011022206594963196
196,196,0.010372038154874991,0.011015076045573514
197,197,0.010369286988371458,0.011008113633414605
198,198,0.01036661932483596,0.01100471979136696
199,199,0.01036377379761418,0.011000568655408272
200,200,0.01036104645401046,0.010993249374348313
201,201,0.010358372820714497,0.010987270853047446
202,202,0.010355793088002357,0.010983301851114863
203,203,0.010353173568960134,0.010980388177559018
204,204,0.010350653079739282,0.010972003799631366
205,205,0.010348047126095612,0.010967261261012379
206,206,0.010345525759753425,0.010963311654814721
207,207,0.010342925057969488,0.010959773851976136
208,208,0.010340478699004093,0.010952534956812148
209,209,0.010338045917814469,0.010947977657489548
210,210,0.010335702658779632,0.010943034145844325
211,211,0.010333203033406166,0.010938886352245573
212,212,0.010330919564407405,0.010932246225470689
213,213,0.01032846090040273,0.010926411824529997
214,214,0.01032611052511009,0.01092421477904605
215,215,0.010323968048778734,0.0109193665391381
216,216,0.010321646675918866,0.010912384603503092
217,217,0.010319232752079516,0.010911787192816465
218,218,0.010317117891879952,0.010906518161857965
219,219,0.010314934303243217,0.01090360641602501
220,220,0.010312648546426152,0.010899048554101568
221,221,0.010310421087335184,0.010891993862962369
222,222,0.010308458136675984,0.010887670461506726
223,223,0.010306140715164716,0.010882333112682111
224,224,0.01030413614617752,0.01088251272202311
225,225,0.010302089788821325,0.010873744400865679
226,226,0.010299894859423939,0.010869683779076373
227,227,0.010297932929765302,0.010869077169010005
228,228,0.010295899249479365,0.010862823177328722
229,229,0.010293839956461272,0.01086106737329915
230,230,0.01029183399446312,0.01085505668011918
231,231,0.010289837135188998,0.010852507771868579
232,232,0.010287841332584598,0.01084891242419667
233,233,0.010286034560202242,0.010843364543760664
234,234,0.01028404195820498,0.010839956579951493
235,235,0.010282246267202982,0.010837399192914187
236,236,0.01028025167133313,0.010831999234009859
237,237,0.010278294728583442,0.010827900007294252
238,238,0.010276694583247738,0.010825279681846704
239,239,0.010274717132191408,0.010819971842374786
240,240,0.010272883923086496,0.01081547736716963
241,241,0.010271201108560443,0.010814060779854355
242,242,0.010269406933078349,0.010813518504301548
243,243,0.010267537170759391,0.010808313442212716
244,244,0.010265750390308213,0.010803553970985397
245,245,0.010264201659641882,0.010801277564669854
246,246,0.010262427506391388,0.010797618981543113
247,247,0.010260568738410355,0.010793569491847971
248,248,0.010259018527225806,0.01079006332616417
249,249,0.010257327630088168,0.010789249994429841
250,250,0.010255437861566198,0.010784834157587646
251,251,0.010253950469304374,0.010781511105378182
252,252,0.010252296736215433,0.010778778301040194
253,253,0.01025061550618286,0.010775497872126309
254,254,0.010249174926828414,0.010772222173205349
255,255,0.01024749968024825,0.010767383009878943
256,256,0.010246000595052441,0.01076342175018402
257,257,0.01024425445724873,0.010761819688151293
258,258,0.010242697649647211,0.010759608670643506
259,259,0.010241141937727124,0.01075656256184184
260,260,0.01023964856965354,0.010755028027872201
261,261,0.01023815614318545,0.010749193520352168
262,262,0.010236727390879104,0.010745921041016925
263,263,0.010235272003165269,0.010742388695966021
264,264,0.010233790652841213,0.010743141512870463
265,265,0.010232223311092855,0.010739771995117189
266,266,0.010230979513375652,0.01073636468360695
267,267,0.010229471768168533,0.010737235887817768
268,268,0.010228187242103868,0.01072962359068313
269,269,0.010226537232776719,0.010729161043576576
270,270,0.010225259310003974,0.010727927634820597
271,271,0.010223773801968048,0.010722047405835494
272,272,0.010222434183236397,0.010720049073554767
273,273,0.010221103701894333,0.010717834633424737
274,274,0.01021973949839185,0.01071783206029281
275,275,0.010218351421220054,0.010715574377059632
276,276,0.010217293279461071,0.010710220678175559
277,277,0.010215766887705069,0.010707273901009827
278,278,0.010214696685801333,0.010706810327926768
279,279,0.010213186007828357,0.010701183974497869
280,280,0.010212051277436542,0.010701618348085471
281,281,0.01021077076977121,0.010696121586756143
282,282,0.010209589262348261,0.010698986251198674
283,283,0.010208131768467996,0.010695047941544012
284,284,0.010207034710398815,0.010694912320478948
285,285,0.010205720117840768,0.010688593159165176
286,286,0.010204680511381719,0.010686742729971698
287,287,0.010203432280834914,0.01068339875831012
288,288,0.010202201842278422,0.010682987359719993
289,289,0.010200997541476105,0.010680028444016096
290,290,0.010199924695133363,0.010679625548601362
291,291,0.010198775508341978,0.010677775188350044
292,292,0.010197628164254435,0.010672877779875868
293,293,0.010196396881436916,0.010670037896655651
294,294,0.010195288722708178,0.010670084202018714
295,295,0.010194499583817983,0.01066901189661894
296,296,0.010193242197825147,0.010668074258112259
297,297,0.010192080467824991,0.01066540287698844
298,298,0.010191018856124601,0.010662638935320807
299,299,0.01019000556075599,0.010660060254969846
300,300,0.010188969391144869,0.01066012067152151
301,301,0.010188028292234075,0.010656258840271025
302,302,0.01018692270569445,0.010655633185192033
303,303,0.01018588109674945,0.010654602485108017
304,304,0.010184873936260821,0.010652747384141585
305,305,0.010183822862944225,0.01064842515005877
306,306,0.010182868846221922,0.010643868579278544
307,307,0.010181856100959289,0.010642236640479572
308,308,0.010180939015110255,0.010646069973124752
309,309,0.010180035118150247,0.01064409545654837
310,310,0.010179132330941736,0.010636847722591792
311,311,0.010178172643602292,0.010637130440928616
312,312,0.01017712503623119,0.010637509252439328
313,313,0.010176282875028192,0.010637781291744008
314,314,0.010175352293328697,0.010633997910535672
315,315,0.010174546225659806,0.010627251625810788
316,316,0.010173642201390358,0.010629846732310615
317,317,0.010172737148053921,0.01062914665014896
318,318,0.010171763785419454,0.010626800496601462
319,319,0.010171137358969153,0.010629623793968188
320,320,0.010170057662210432,0.01062335127906216
321,321,0.010169256800480664,0.010621084021960738
322,322,0.010168456481284754,0.010619005029494283
323,323,0.010167648652987568,0.010615627248884664
324,324,0.010166698283071183,0.01061819218245426
325,325,0.010166256990439512,0.010619004636008213
326,326,0.010165402316275355,0.010612044769185388
327,327,0.010164365395926352,0.01061252285970549
328,328,0.010163657880440526,0.01061042976532912
329,329,0.010162752113810859,0.010607040543116987
330,330,0.01016198874883863,0.010608986250063812
331,331,0.010161235623731075,0.010604927903010531
332,332,0.010160600550131866,0.010608718023801842
333,333,0.010159872850846767,0.010604050655013351
334,334,0.010158952101183503,0.010601149356643087
335,335,0.010158293092175748,0.010597976104879796
336,336,0.010157546251431438,0.010597983975899433
337,337,0.010156832187322423,0.010595541349501884
338,338,0.010156117831717427,0.010598438884855177
339,339,0.010155568127790508,0.010597968206578209
340,340,0.01015478800408407,0.010593724737635795
341,341,0.010154183617117743,0.010592393842187917
342,342,0.010153651421015281,0.01058956464426999
343,343,0.010152846142089215,0.010589674471620404
344,344,0.01015205794443545,0.010586821879365303
345,345,0.010151419443236385,0.010584520482551329
346,346,0.010150863189824836,0.010585399685047577
347,347,0.010150163307322426,0.010584022028360065
348,348,0.010149428327593803,0.010584126970010035
349,349,0.010148809254944205,0.010584944544233362
350,350,0.010148316299408993,0.010576480114869842
351,351,0.010147561948832946,0.010575179771647448
352,352,0.010146882771155002,0.010574672413248781
353,353,0.010146382545458972,0.010574949228948206
354,354,0.010145665810209474,0.010573420323638671
355,355,0.010145258745675826,0.010570427619539326
356,356,0.010144605846936387,0.01056889205583826
357,357,0.010143976603634412,0.010570971382636445
358,358,0.010143453672087323,0.010567367723785213
359,359,0.010142760973792435,0.010566627893412938
360,360,0.010142247267781008,0.010569445479426289
361,361,0.010141687908759373,0.01056591023164009
362,362,0.0101411208715468,0.010562017129047741
363,363,0.010140510848126508,0.010560564497564052
364,364,0.010140301079911564,0.010555213688056366
365,365,0.010139536559537666,0.01055663814689231
366,366,0.010139166976310402,0.01056615636951736
367,367,0.010138648076041076,0.010557125852327607
368,368,0.010138076209407893,0.010558622325323673
369,369,0.010137277581765702,0.010555989103722439
370,370,0.01013688134212031,0.010552012352392571
371,371,0.010136201656438124,0.010550453157964766
372,372,0.010135763159100253,0.010550608253487827
373,373,0.010135223956132467,0.010549559453590804
374,374,0.01013487337596735,0.010544969016610669
375,375,0.010134337643562896,0.010543047552575974
376,376,0.010133898900474043,0.010547048578676674
377,377,0.010133512332979187,0.01054761740533808
378,378,0.010132990902298581,0.010543812010740748
379,379,0.010132225316469992,0.010539800204907714
380,380,0.010131960771734788,0.010538649618790008
381,381,0.010131333724019703,0.010541111785200542
382,382,0.010130954559111652,0.010537640565301508
383,383,0.01013048288053289,0.010533502324737426
384,384,0.010129951930530188,0.010535376616958077
385,385,0.010129640702494173,0.01053401515456034
386,386,0.010129163813695798,0.010534095692940263
387,387,0.010128676375467573,0.010534583669910565
388,388,0.010128175978684551,0.010529237335201232
389,389,0.010127695024781516,0.01052679286225118
390,390,0.010127251469215764,0.010527411044129131
391,391,0.010126849173039892,0.010527791158174853
392,392,0.010126447730973234,0.010525818187980457
393,393,0.010126200128428051,0.010528987762783494
394,394,0.010125873834282439,0.01051837662663938
395,395,0.010125353397435491,0.010520441390372923
396,396,0.010124872743953838,0.010521546051428377
397,397,0.010124352808839696,0.010519666624857957
398,398,0.01012405600289117,0.010515773300072145
399,399,0.010123531918353143,0.010519957716875654
400,400,0.010123187985047516,0.01051984413346307
401,401,0.010122796622827602,0.010520622661587178
402,402,0.010122385059386318,0.010509476982759159
403,403,0.010122118327453139,0.010506468791213664
404,404,0.010121441598088875,0.010512101027545705
405,405,0.010121115407877426,0.010513808728294589
406,406,0.010120941225753239,0.01050963202638651
407,407,0.010120261147273973,0.010506470842375446
408,408,0.010120054367214488,0.010505137612598364
409,409,0.01011947061405072,0.01050763544855663
410,410,0.01011915168443073,0.010504307680966976
411,411,0.010118723952603636,0.01050353662035668
412,412,0.010118545223145033,0.010501392814145642
413,413,0.010117959872581142,0.010501147916118541
414,414,0.010117625988625147,0.010502112375908453
415,415,0.010117327023336651,0.010499923702793084
416,416,0.010116978674177404,0.010498622641475905
417,417,0.01011676953980877,0.010493587714000501
418,418,0.010116265899804865,0.01049759137758457
419,419,0.010116264040405071,0.010494460325750948
420,420,0.010115561833863706,0.01049079343436777
421,421,0.010115083892167807,0.010489678399830548
422,422,0.010114752908120457,0.010489408043989557
423,423,0.010114653896228927,0.010495306597821767
424,424,0.0101140610333512,0.010489756044345756
425,425,0.010113658646910204,0.01048466425589941
426,426,0.010113342988068758,0.010485234026931464
427,427,0.010113007637998658,0.010484849609744896
428,428,0.010112807791467712,0.010486570605686921
429,429,0.010112366567102302,0.0104814436598841
430,430,0.010111922547042476,0.01047730057761068
431,431,0.010111708037711813,0.010477716517932424
432,432,0.010111291882632082,0.01047974392701234
433,433,0.010111286482652252,0.010477245591467281
434,434,0.0101107377567902,0.010474589419745247
435,435,0.010110429854426008,0.010472750951913946
436,436,0.01011005953918037,0.01047219982329123
437,437,0.010109707814829462,0.010468880279820954
438,438,0.01010958926841262,0.010471142394151962
439,439,0.010109456561444848,0.01047625641497686
440,440,0.010109000787715485,0.010466662111355106
441,441,0.010108370327793697,0.010468357629024623
442,442,0.010108182994843676,0.010468667470363183
443,443,0.010107832046268764,0.010467321275395186
444,444,0.010107404178605155,0.010464883261816365
445,445,0.010107274449189291,0.010462360487082488
446,446,0.010106969448925949,0.010465210907199119
447,447,0.010106397081319926,0.010459514315654781
448,448,0.010106220006018976,0.010456992091804888
449,449,0.01010599339493971,0.010459354476742257
450,450,0.010105719895396865,0.010456017916756717
451,451,0.010105522156188465,0.010456558005051622
452,452,0.010105012076189177,0.010453217210726737
453,453,0.010104784966861707,0.010452658703435702
454,454,0.010104510297797886,0.010451276009029925
455,455,0.010104068183667644,0.010452267054937306
456,456,0.010103966423942467,0.01044972056592205
457,457,0.010103415657083363,0.01045105975805947
458,458,0.010103244788791783,0.0104478920722259
459,459,0.010103126107660508,0.010442886972896418
460,460,0.010102581745658114,0.010442516047651576
461,461,0.01010249451663353,0.010440142223288788
462,462,0.010102017380245479,0.010445529101640243
463,463,0.010101845166171752,0.010441383956685176
464,464,0.010101576370946217,0.010437744751099348
465,465,0.010101067115503803,0.010435896044942102
466,466,0.01010107001721642,0.010439477381440986
467,467,0.010100687449783605,0.010434901363510997
468,468,0.01010045691315762,0.010432773566328898
469,469,0.010100060099826485,0.01043472790856675
470,470,0.01009979437247514,0.010428322823770405
471,471,0.010099497075342408,0.010429961045966973
472,472,0.010099250983282695,0.010433192492832269
473,473,0.010099019796575091,0.010426137071213022
474,474,0.010098606130750346,0.010422762503054
475,475,0.010098645096239426,0.010425213916948341
476,476,0.010098410580683994,0.010426815677357463
477,477,0.010097772955190255,0.01041883922689993
478,478,0.010097629346226726,0.010418561613748037
479,479,0.010097464904734588,0.010417447490315014
480,480,0.010097225319718251,0.010420336019607616
481,481,0.010096895741582517,0.010418286958240612
482,482,0.010096457749064246,0.010413402772239327
483,483,0.010096311040813427,0.010410902508644196
484,484,0.010096272055625377,0.010413162248052192
485,485,0.010095663664444289,0.010407715208637633
486,486,0.010095514727486952,0.010409773921100315
487,487,0.01009537831539137,0.010403688304985378
488,488,0.01009505213457474,0.01040962881609227
489,489,0.010094847737133292,0.010407614647758735
490,490,0.010094349212942628,0.010401575754758254
491,491,0.01009411136938385,0.010401527159487965
492,492,0.010093792013045241,0.010399755852240847
493,493,0.010093808737467755,0.01040171368158509
494,494,0.010093463594532903,0.01039750371539602
495,495,0.01009314639323906,0.010396689557059434
496,496,0.010092810698600315,0.01039366029246823
497,497,0.010092804606772256,0.010393015058922365
498,498,0.010092357103299813,0.010394816031962477
499,499,0.010092218476983989,0.010390093882532299
500,500,0.010092048837789996,0.01038816213768666
501,501,0.01009155047963411,0.010384475827625486
502,502,0.01009150428464586,0.010383358385345466
503,503,0.010091282867261627,0.010386690853226271
504,504,0.010090927331288468,0.010382442531104537
505,505,0.010090896164748755,0.01038553227224168
506,506,0.010090598703304636,0.010382599520166574
507,507,0.010090518131189493,0.010376693935368714
508,508,0.01009010265420748,0.01037634036561483
509,509,0.01009028335423128,0.010380704391375886
510,510,0.010089484543685901,0.010370856961328471
511,511,0.01008912828404248,0.010369854362028499
512,512,0.01008903504726227,0.0103734795953868
513,513,0.010088837162424027,0.010367801536878067
514,514,0.010088639020150832,0.010366460039583419
515,515,0.010088297786373523,0.010366086612195895
516,516,0.010088051025517297,0.010366704070966851
517,517,0.010087768286675748,0.010362416191779541
518,518,0.0100878563332603,0.0103605049154136
519,519,0.010087584709810575,0.010359145889501313
520,520,0.010087221719515474,0.010360830608312487
521,521,0.010087118000367726,0.01035569272819037
522,522,0.010086936449038516,0.010354915396901884
523,523,0.01008668857098235,0.010355547576319332
524,524,0.01008651424681423,0.010351443655752253
525,525,0.01008644951010911,0.010345630610895485
526,526,0.01008584903873015,0.010350350427023034
527,527,0.010085819597832732,0.01034972013576963
528,528,0.010085715687136131,0.010349605516923504
529,529,0.010085404859920393,0.010339887942362187
530,530,0.010085317326107231,0.010342011711201882
531,531,0.010084833767326684,0.01034311663103901
532,532,0.010084645291644937,0.010340390913987117
533,533,0.010084813456242197,0.010333156801328593
534,534,0.010084221501053772,0.010337166347578811
535,535,0.010083983720646405,0.010336686456102303
536,536,0.010083714708448339,0.01033035740920383
537,537,0.010083864714973193,0.010325438579625403
538,538,0.010083348800598153,0.010329584282408894
539,539,0.0100830045495823,0.010331509579220861
540,540,0.010083143223274521,0.010326819932391467
541,541,0.010082914568726845,0.010321465391157535
542,542,0.010082941915316867,0.010321007746393832
543,543,0.010082337397394574,0.010322162046017469
544,544,0.010082271222886073,0.01031823157309556
545,545,0.010082256290780417,0.010317526578527513
546,546,0.010081706201056518,0.010315170412876714
547,547,0.010081886073858733,0.010314334887393245
548,548,0.010081626571675863,0.010318166148470222
549,549,0.010081072670924156,0.01031072872204303
550,550,0.010080905278392192,0.010306038224371412
551,551,0.010080714513161622,0.010305227225182336
552,552,0.010080689003549938,0.010301865062453754
553,553,0.010080797588149948,0.010307273179692074
554,554,0.010080203410465213,0.010304636103489457
555,555,0.01008010965738732,0.01029936257506181
556,556,0.010079936846754546,0.01029690518067801
557,557,0.010079738199106,0.010300509790065289
558,558,0.010079695711349774,0.01029254339865762
559,559,0.010079364535142292,0.010298036247039647
560,560,0.010079222592488727,0.010291767036597378
561,561,0.010078826167925378,0.01028740516579321
562,562,0.010078732119309703,0.010286609149325063
563,563,0.010078524825727594,0.010286856335791685
564,564,0.010078410524380176,0.010290718591220166
565,565,0.010078322486528183,0.010278399056467661
566,566,0.0100780946720892,0.010280286388871279
567,567,0.01007784474403885,0.010278284824660009
568,568,0.010077704368913322,0.010284143894043717
569,569,0.010077355542145243,0.010273051934617982
570,570,0.010077412286963022,0.010275599593774798
571,571,0.010077117558727838,0.010276366414474363
572,572,0.010077039734867173,0.010272229351071907
573,573,0.010076820237843146,0.010266926321623472
574,574,0.01007685782333621,0.010268219772294713
575,575,0.010076393516754049,0.01026365274789232
576,576,0.010076366142680636,0.010268281468073709
577,577,0.010076136583205256,0.010266261326224992
578,578,0.010076024526005572,0.010255953664470895
579,579,0.010076633074757138,0.01026399188680412
580,580,0.01007570435389261,0.010254216576026565
581,581,0.010075873459930322,0.010259940107876151
582,582,0.010075223571419115,0.010257556249184008
583,583,0.010075182749113615,0.010247146649882594
584,584,0.010075077262609687,0.010255172714161962
585,585,0.01007459594497219,0.010248608591149864
586,586,0.010074548509768206,0.010249533603371271
587,587,0.010074425625044044,0.01024447799893753
588,588,0.010074478718168287,0.010242877466439313
589,589,0.010074143148235574,0.010244091506850303
590,590,0.010073683880539972,0.010240772659757985
591,591,0.010073751990652854,0.010237639026236147
592,592,0.010073591614676396,0.01023602043091643
593,593,0.010073336895416705,0.01023360282510647
594,594,0.01007326609796441,0.010238098906082314
595,595,0.010072997169272947,0.01023349198979411
596,596,0.010072890775554566,0.010229021003673743
597,597,0.010073071024903176,0.01022540458713587
598,598,0.01007280305272513,0.010228223311739053
599,599,0.010072205942567925,0.010226384156380084
600,600,0.01007260925793572,0.010219730604869326
601,601,0.010071938422271592,0.010223485273414393
602,602,0.010072039267604086,0.010221212100125231
603,603,0.010071986321626616,0.010215186295477782
604,604,0.01007161637240096,0.010220001590954375
605,605,0.010071553784008438,0.010213738088951157
606,606,0.010071458130697685,0.01021523678261611
607,607,0.010071722543953112,0.01021414624252299
608,608,0.010071094833811732,0.010204374157807415
609,609,0.010071096098098156,0.010211298816121176
610,610,0.010070852785410114,0.010209595125915483
611,611,0.0100706655755654,0.010199915842995167
612,612,0.010070287603971318,0.010203948181493712
613,613,0.010070237738172698,0.010202884015720936
614,614,0.010070263088283895,0.010200661354714263
615,615,0.010070110556237206,0.0101929916658367
616,616,0.010069785059851023,0.010195578684991605
617,617,0.010069878985744504,0.010201173310115916
618,618,0.010069474139685891,0.010190246553393735
619,619,0.01006936808670056,0.010191576197603393
620,620,0.010069719332268962,0.01018858631740635
621,621,0.010069030848035926,0.010184584626557594
622,622,0.010069450386861304,0.010189050303273665
623,623,0.010068806400671301,0.010178115870827344
624,624,0.010069165424842947,0.010188175810928863
625,625,0.010068711563277162,0.010183484626217876
626,626,0.010068405331458164,0.010173472786166987
627,627,0.010068546921099375,0.010177463064926815
628,628,0.010068565536390014,0.010171264118562999
629,629,0.01006808994027696,0.010178156908231444
630,630,0.010067988874951814,0.010173786543660213
631,631,0.010067751348140547,0.010168368959147186
632,632,0.010067870058568894,0.010165336540057381
633,633,0.010067604449021248,0.010169081311806048
634,634,0.010067611028395094,0.01016850327188968
635,635,0.010067464664441342,0.010155198930542604
636,636,0.01006727633228035,0.01016287721958929
637,637,0.010067071062411236,0.010165804105359675
638,638,0.010066851487313159,0.010151792819939224
639,639,0.010066630327994592,0.010156694260423788
640,640,0.010066662130603334,0.010154349586465083
641,641,0.010066551889748403,0.010157298958675487
642,642,0.010066951189703377,0.010161051461869273
643,643,0.010066114512203638,0.010135586299230849
644,644,0.010066077333937556,0.010145456445843097
645,645,0.01006603330609567,0.010147259173383973
646,646,0.010065940190972022,0.01014707111993496
647,647,0.010065973544791655,0.01014756786521336
648,648,0.010065698128689921,0.010139671134719912
649,649,0.010065455234856996,0.010139108337798767
650,650,0.010065315854277977,0.0101383832319942
651,651,0.01006524562593247,0.010133655419232604
652,652,0.010065128027326904,0.01013422881598358
653,653,0.010065410688918778,0.010134227230304412
654,654,0.010065395594479914,0.010131371189880526
655,655,0.01006480677685278,0.010127869915673682
656,656,0.010065293746300368,0.010124828764375758
657,657,0.010064391702068031,0.010134004226392206
658,658,0.01006467622975445,0.010122301337805383
659,659,0.010064092417533735,0.01012422484181655
660,660,0.01006425524817967,0.010122712389414597
661,661,0.010064629576316977,0.010113791723050337
662,662,0.010063934383710938,0.010126999143241498
663,663,0.010064427280595124,0.010119785267867033
664,664,0.010063639074865622,0.010104389135414912
665,665,0.010063713397468827,0.01010997827933931
666,666,0.010063411836351415,0.010109586779364719
667,667,0.01006349193576547,0.010112596132585056
668,668,0.01006331093241073,0.010106682568615698
669,669,0.010063542768605088,0.010106065633416516
670,670,0.010063093141580798,0.010109063384584248
671,671,0.010063466150182485,0.010096927527607961
672,672,0.010062784391910554,0.010101941281697186
673,673,0.010062397847119016,0.010105915787457117
674,674,0.010062459964732578,0.01009804079116535
675,675,0.010062240497859965,0.010095079351588213
676,676,0.010062372717434041,0.010094630461768556
677,677,0.010062046194228173,0.0100939920468084
678,678,0.010062020774356585,0.010087834273329797
679,679,0.01006229070683666,0.010098621606109753
680,680,0.010061898357585513,0.01008200974254868
681,681,0.010061811492088275,0.010085479471044191
682,682,0.010061712960296905,0.010084103686140277
683,683,0.01006188614320844,0.01009025011518801
684,684,0.010061319776733565,0.01007576570332447
685,685,0.01006151889955759,0.010083357803949162
686,686,0.010061167995479018,0.010072743106599485
687,687,0.010061139438674252,0.010074006913414493
688,688,0.01006069706032347,0.010082575206249727
689,689,0.010060805633430802,0.010075335833124047
690,690,0.010061019634006,0.010070682481203979
691,691,0.01006056347234526,0.010071498274811878
692,692,0.010060518660411815,0.010070126235713633
693,693,0.010060323611009182,0.010064367542875185
694,694,0.010060135862277398,0.01007215548962145
695,695,0.010060366942924916,0.010063723914482974
696,696,0.010060137017922589,0.010057219894578865
697,697,0.010060276577419787,0.010063219072474016
698,698,0.010059762827186253,0.010065549879552872
699,699,0.0100598091966607,0.01006263214084754
700,700,0.010059900581947945,0.010054389959148782
701,701,0.010059467530107894,0.010055361965174446
702,702,0.010059363859702073,0.010048985574769034
703,703,0.01005951246783248,0.010052596195713892
704,704,0.01005934150026888,0.010060364893776633
705,705,0.010059345034219513,0.010043754604831378
706,706,0.010059184239495447,0.0100477572429056
707,707,0.010059503500663803,0.010041318858872784
708,708,0.01005895143267973,0.010055139141731307
709,709,0.010058739227422574,0.010040252444461136
710,710,0.010058595164761056,0.010036787059903332
711,711,0.010058372286577782,0.010045171695713003
712,712,0.01005831407251754,0.010034478015286119
713,713,0.010058672141948015,0.010036219283972936
714,714,0.010058078274385547,0.01003562967093726
715,715,0.010058264974959758,0.010032559860820793
716,716,0.010057856864763941,0.010037174499658682
717,717,0.010057834947652701,0.010035409518181097
718,718,0.01005799580523353,0.0100250807427843
719,719,0.010057945930218571,0.010026864928055655
720,720,0.010057338936849078,0.010027467241139575
721,721,0.010057401121752359,0.010022450778877628
722,722,0.010057722435151548,0.010016891840087005
723,723,0.010057469619677779,0.01002993384866873
724,724,0.010057311154908908,0.010018617598535432
725,725,0.010057221890983167,0.010020661117524043
726,726,0.010057202240196886,0.010015093555320887
727,727,0.010056939541278344,0.010010549252972097
728,728,0.010056830751911754,0.010018920001850581
729,729,0.010056635946105503,0.010017311372386616
730,730,0.010057089123892513,0.010001776069114019
731,731,0.01005645846236411,0.010016874814797837
732,732,0.010056456543632228,0.01001006688270568
733,733,0.01005632719815457,0.010002237421616798
734,734,0.010056298806599367,0.010006449529082145
735,735,0.010055915884298581,0.010009977211529016
736,736,0.010056162876290922,0.009999634592262753
737,737,0.01005601222422191,0.009997066127540522
738,738,0.010055584491892632,0.010005269526552424
739,739,0.010055907955447746,0.009994633248270829
740,740,0.010055466518132291,0.009999079263382482
741,741,0.010055497779397923,0.009998409451857475
742,742,0.010055690157404467,0.009990925022743102
743,743,0.010055142875621727,0.00999942105661318
744,744,0.01005542507472497,0.009985306394965004
745,745,0.010055218841292322,0.009987775975311987
746,746,0.010055038512760444,0.009995094366147388
747,747,0.010054662380320972,0.009985490652512601
748,748,0.010054849745833018,0.009985922201886056
749,749,0.010054644079622335,0.009984661509152403
750,750,0.010054426274638817,0.00998769273286719
751,751,0.010054758815645208,0.009981699750997034
752,752,0.010054373941038369,0.009977643804297503
753,753,0.010054319191116903,0.009982525884329184
754,754,0.010054570436400819,0.009985962542850077
755,755,0.010054097161687873,0.00996845343268658
756,756,0.01005413564537965,0.009973750473291375
757,757,0.010053829649223274,0.009972690056578998
758,758,0.01005391069736233,0.009975439341951987
759,759,0.010053378354285039,0.009970331261609395
760,760,0.010053640818613988,0.009965327836688305
761,761,0.01005353302350456,0.009968581422090797
762,762,0.01005352279198483,0.00996625930281927
763,763,0.010054005177802635,0.00996010398633962
764,764,0.010053271245431632,0.00996468779008216
765,765,0.010053673143981801,0.009964735259176238
766,766,0.01005312173371099,0.009961207393249356
767,767,0.010052763398657554,0.009965436984847286
768,768,0.010053054030393116,0.009952342368996486
769,769,0.010053060700732004,0.009960647323520663
770,770,0.010052815456992409,0.009960548872860863
771,771,0.01005263820657687,0.009953456564382231
772,772,0.010052266207078846,0.009951958971794005
773,773,0.010052155264991326,0.009953057168008586
774,774,0.010052342687604477,0.009955727885187516
775,775,0.010052192981276888,0.009947161270090963
776,776,0.010052480218598111,0.009946141713750127
777,777,0.010052502444470271,0.009950062521504094
778,778,0.010051857838603597,0.009947882838381024
779,779,0.010051911390339606,0.00995016818263223
780,780,0.0100520778785672,0.009935568862409903
781,781,0.010051543909601312,0.009944596081636172
782,782,0.01005206351230343,0.009943317500469857
783,783,0.010051354670806232,0.009941524565051395
784,784,0.010051991875312942,0.00993426388703089
785,785,0.01005104131033931,0.009937544704855663
786,786,0.010051124808761637,0.009933844152576103
787,787,0.010051071419848602,0.009935327846441475
788,788,0.010050895463868326,0.009926591178491222
789,789,0.010050859251975948,0.009932355069382413
790,790,0.010051528272397406,0.009932493385722765
791,791,0.010051231126248573,0.009936955859450173
792,792,0.010051242977955021,0.009918022936622419
793,793,0.010050649245669108,0.009934320481194709
794,794,0.010050550005175596,0.009920776438190141
795,795,0.010050720785151405,0.009923670056316208
796,796,0.010050129069198607,0.009926594829142396
797,797,0.010050407157240534,0.009925060637408965
798,798,0.01005018648011722,0.009918562879742795
799,799,0.010049940402044145,0.009918246835489647
800,800,0.01004980112140663,0.00991610385275277
801,801,0.010049935566529212,0.009918200364364015
802,802,0.010049506474132466,0.00991859856547759
803,803,0.010049619309296971,0.009915784720450318
804,804,0.010049535301461843,0.009913454519554431
805,805,0.010049255669939024,0.00991075736612492
806,806,0.010049273913054473,0.009905229990126614
807,807,0.01004909807869785,0.00991434764708243
808,808,0.010049003294458767,0.00991295399361778
809,809,0.010049108295605015,0.009913498243905658
810,810,0.010049037852333808,0.009905843247019834
811,811,0.010049067114080401,0.009897168007659819
812,812,0.010048960050062266,0.009907718433121871
813,813,0.010048897772304801,0.009902263611638581
814,814,0.01004915281729122,0.009905032036788636
815,815,0.010049031549565681,0.009893125586309014
816,816,0.010049747870654314,0.0099127708582729
817,817,0.010049032356262705,0.009891941407960647
818,818,0.010048376612852138,0.009897646833217779
819,819,0.010048233785009452,0.009896223469502769
820,820,0.01004796101260225,0.009898048880239617
821,821,0.010048149415284613,0.009892543293640721
822,822,0.010048212413285249,0.009894050745514263
823,823,0.010047551662641523,0.009892998393996497
824,824,0.01004772461374665,0.009891668608719617
825,825,0.010047951652245365,0.009885485328553404
826,826,0.010047328556162163,0.00989054746692481
827,827,0.010048420245968238,0.009895248472014817
828,828,0.010047889818697779,0.009875106291251906
829,829,0.010047233800809486,0.009890401748268942
830,830,0.010047331181591557,0.00988549085312681
831,831,0.010047322054977405,0.009883116849679276
832,832,0.0100470899386108,0.00988390893857994
833,833,0.010047474883540726,0.009876062886446099
834,834,0.01004681286157995,0.00988633270453991
835,835,0.01004682675917508,0.009881901089650051
836,836,0.010047065416541403,0.00987640010181879
837,837,0.010046649432866607,0.009875758816397507
838,838,0.010046557615643752,0.0098747626167522
839,839,0.010046851214865,0.00986990274208224
840,840,0.010046222588307528,0.009879249323993068
841,841,0.010046340721144607,0.00986995183380329
842,842,0.010046028946984802,0.009872739157680709
843,843,0.010046004748373572,0.00986612830301138
844,844,0.01004597202676392,0.009872399223519424
845,845,0.010046546464255285,0.009864724845526375
846,846,0.010046038822968013,0.009863620628296531
847,847,0.010046333473207558,0.00987476025023285
848,848,0.010046004542538869,0.009857513116265704
849,849,0.01004561981664088,0.009867694367011485
850,850,0.010045721468049074,0.009861785107400888
851,851,0.010045418715469703,0.009856529258395379
852,852,0.010045416527755955,0.00986974354026973
853,853,0.010045662565375302,0.009854881782880128
854,854,0.01004493617586658,0.009859465904411014
855,855,0.010045424553946957,0.009854474015331011
856,856,0.010044794011680302,0.009859725166995528
857,857,0.010044969651558742,0.00985908751125994
858,858,0.010045319433942402,0.009842459790311087
859,859,0.010044806327772002,0.009851498253486576
860,860,0.010044810271647334,0.009858780669467628
861,861,0.010044473289870959,0.009842993073903648
862,862,0.01004533711091235,0.009857379963877054
863,863,0.010045194782235306,0.00984745015270256
864,864,0.010044177947733124,0.009844354459837685
865,865,0.010044463599105964,0.009852056388052106
866,866,0.010044273508104443,0.0098426060548165
867,867,0.010043798734851941,0.00984769631187232
868,868,0.010043952896086502,0.009845536263183739
869,869,0.010043676455343882,0.009842029015628813
870,870,0.010044005392414408,0.00983753055122481
871,871,0.010043790649824684,0.009844327824003046
872,872,0.010043495594375795,0.009838294714739725
873,873,0.010043818102828925,0.00984082743593907
874,874,0.010043980695222738,0.009837274675895423
875,875,0.010043145472782403,0.009833309557973692
876,876,0.010043484376467437,0.009841141375435548
877,877,0.01004341403893121,0.009840653898197316
878,878,0.010043218695874812,0.009834840039882699
879,879,0.010043636700819055,0.009827115865339011
880,880,0.010042922923920533,0.009835804634416486
881,881,0.010043644817511303,0.00983946657107832
882,882,0.010043401907716012,0.009820844149769279
883,883,0.01004265082949956,0.009833231492245737
884,884,0.010043234744700142,0.009823205338515705
885,885,0.010042902976624721,0.009832723807386824
886,886,0.010042722556711615,0.00982407866572396
887,887,0.010042324527818154,0.009823605858476117
888,888,0.010042252393729393,0.009823648245358174
889,889,0.010042393831427989,0.009820633295067781
890,890,0.010042246713745836,0.009825238549946224
891,891,0.010042216144206511,0.009827281420253403
892,892,0.010042486198203799,0.009817502803591036
893,893,0.010041979989722954,0.00982036398934543
894,894,0.010042064755651893,0.009821554263189893
895,895,0.010042239257007615,0.009813802774682572
896,896,0.010042094828413577,0.009823505369512119
897,897,0.010041939347333221,0.009805763974189656
898,898,0.010041400071026132,0.009820521086100126
899,899,0.010041880773343679,0.00981699395887389
900,900,0.010041615061303522,0.009808987409268447
901,901,0.010041306370558275,0.009817853323842673
902,902,0.010041623043420064,0.009806159582401306
903,903,0.010041819430033651,0.009814121194091538
904,904,0.010041584848769219,0.009813255006174486
905,905,0.01004155196044523,0.009800692031079902
906,906,0.010041192191501517,0.009814650700963127
907,907,0.01004096799562887,0.009805533553409714
908,908,0.01004109509056625,0.009806533430090468
909,909,0.01004122730896302,0.009796583590038519
910,910,0.010040765483473268,0.00981160387467869
911,911,0.010041491550353287,0.009800702834749557
912,912,0.010040984434301839,0.009797440158541377
913,913,0.01004179394488574,0.009810290488294278
914,914,0.01004068605402964,0.009792669819661733
915,915,0.010040502740723526,0.009803792843991594
916,916,0.010040486755020237,0.009796558205206562
917,917,0.010041126922996805,0.009785841871229242
918,918,0.010040477431468986,0.009802625327817484
919,919,0.010040566761216955,0.009797417413800316
920,920,0.010040553427503022,0.00979150839662362
921,921,0.010040433459797942,0.00979408646383064
922,922,0.010039895668410457,0.009797429635217271
923,923,0.010039801126160782,0.009794841860739034
924,924,0.01003978815218329,0.00979260124768058
925,925,0.010039561887810805,0.009786960720576719
926,926,0.010039445059397061,0.009787744327007023
927,927,0.010039318935093779,0.00978914008578793
928,928,0.010039336579305152,0.009787285583215581
929,929,0.010039929544726843,0.009785198896484229
930,930,0.010039897732928401,0.009791610332408407
931,931,0.010039152130953735,0.009785042775909516
932,932,0.010039325066534485,0.009783448915284765
933,933,0.010039118132678297,0.009785351568688445
934,934,0.010039403661523833,0.009777852320412906
935,935,0.01003955202797299,0.009783177046173637
936,936,0.010038925772450661,0.009776507154868245
937,937,0.010039175418810362,0.009790722514758859
938,938,0.010039525351520192,0.009773018221337096
939,939,0.010039284380884446,0.009780730970256524
940,940,0.010038892166384341,0.009774280923936552
941,941,0.010038982448436911,0.009779620844348656
942,942,0.01003873940926794,0.009779018221170013
943,943,0.010038682722152824,0.009775504768766884
944,944,0.010038935617096668,0.009767526051655264
945,945,0.010038074574272884,0.009780730691440673
946,946,0.010038153898164636,0.009774813230947978
947,947,0.01003812801631434,0.009770055724362467
948,948,0.010038113871986998,0.00977558519667809
949,949,0.010038113591966661,0.009767705998384097
950,950,0.010037864512356954,0.0097723762850766
951,951,0.01003785631555336,0.009764139318716647
952,952,0.010037860895710881,0.00977122630245589
953,953,0.010037714181537602,0.009764438242391888
954,954,0.0100376556937838,0.009766946285751992
955,955,0.01003895044025624,0.00976571636845473
956,956,0.010038439479679253,0.009770180176217348
957,957,0.010038963338195032,0.00976293875157354
958,958,0.01003807810343629,0.009770990819456433
959,959,0.01003785752130534,0.009755049875803685
960,960,0.010037438772405188,0.009764604480721528
961,961,0.01003727520993436,0.009757210270435262
962,962,0.010037264241621473,0.00975676613411391
963,963,0.010037349824790936,0.009760471999670964
964,964,0.010037250662945179,0.00975905368711421
965,965,0.01003705509474929,0.009757801812175929
966,966,0.01003692326675248,0.00975406377035249
967,967,0.010037136421613536,0.009756810903083082
968,968,0.010036955777615954,0.009748997117236072
969,969,0.010036719398476128,0.009756571190405771
970,970,0.010037054082127721,0.009755172029389584
971,971,0.01003680583141402,0.009750533510138855
972,972,0.010036643107465376,0.009751289058857684
973,973,0.01003642527744643,0.009752595711717021
974,974,0.010037198399882449,0.009751368317780508
975,975,0.010036358565035479,0.009750923792663294
976,976,0.010036449117470118,0.009751106098864717
977,977,0.01003657849796303,0.009748101254639712
978,978,0.01003648640041217,0.009742357651722504
979,979,0.010036714759149499,0.009744521907834588
980,980,0.010036347742720182,0.009756882084451033
981,981,0.010036085739865643,0.009743254413381622
982,982,0.010036038993822376,0.009745711944941468
983,983,0.010036258517470188,0.009742691474364499
984,984,0.010036283180458728,0.009736090579892087
985,985,0.010035979145305124,0.009742291022382412
986,986,0.01003695828230065,0.009744411800659741
987,987,0.01003617452636955,0.009731709389405065
988,988,0.010035597494240484,0.009744631807510422
989,989,0.010035956324827532,0.009741140515743912
990,990,0.01003640182445681,0.009731773172955569
991,991,0.010035770574578096,0.00973881293302398
992,992,0.010035640250672821,0.009739419739384718
993,993,0.010035476658192197,0.009739336022506642
994,994,0.010035475521572638,0.009732980980395446
995,995,0.010035312474210209,0.009730490983778595
996,996,0.01003515430451759,0.009737900047706903
997,997,0.010035319740820715,0.009736275974914077
998,998,0.010035326540801413,0.00972929131050433
999,999,0.010035405864154972,0.009733852942386108
